index,biome,search_term,search_url,article_link,title,abstract,confirmed_biome,title_lower,article_link_lower
30,animal,bat,https://pubmed.ncbi.nlm.nih.gov/?term=bat+animal+microbiome+metagenomics&filter=simsearch2.ffrft&size=10&page=2,https://pubmed.ncbi.nlm.nih.gov/31181730/,Unravelling the Single-Stranded DNA Virome of the New Zealand Blackfly,"Over the last decade, arthropods have been shown to harbour a rich diversity of viruses. Through viral metagenomics a large diversity of",animal,,https://pubmed.ncbi.nlm.nih.gov/31181730/
37,animal,bat,https://pubmed.ncbi.nlm.nih.gov/?term=bat+animal+microbiome+metagenomics&filter=simsearch2.ffrft&size=10&page=2,https://pubmed.ncbi.nlm.nih.gov/34083632/,"The presence of Pseudogymnoascus destructans, a fungal pathogen of bats, correlates with changes in microbial metacommunity structure","Metacommunity theory provides a framework for how community patterns arise from processes across scales, which is relevant for understanding patterns in host-associated",animal,,https://pubmed.ncbi.nlm.nih.gov/34083632/
0,animal,human,https://pubmed.ncbi.nlm.nih.gov/?term=human+animal+microbiome+metagenomics&filter=simsearch2.ffrft&size=10&page=1,https://pubmed.ncbi.nlm.nih.gov/24336217/,Diet rapidly and reproducibly alters the human gut microbiome,"Long-term dietary intake influences the structure and activity of the trillions of microorganisms residing in the human gut, but it remains unclear",animal,,
38,animal,bat,https://pubmed.ncbi.nlm.nih.gov/?term=bat+animal+microbiome+metagenomics&filter=simsearch2.ffrft&size=10&page=2,https://pubmed.ncbi.nlm.nih.gov/31819139/,First identification of mammalian orthoreovirus type 3 by gut virome analysis in diarrheic child in Brazil,Diarrhea remains one of the most common causes of deaths in children. Although many studies have investigated the prevalence of enteric pathogens,animal,,https://pubmed.ncbi.nlm.nih.gov/31819139/
5,animal,human,https://pubmed.ncbi.nlm.nih.gov/?term=human+animal+microbiome+metagenomics&filter=simsearch2.ffrft&size=10&page=1,https://pubmed.ncbi.nlm.nih.gov/31160269/,The gut microbiome and epilepsy,"Recently, evidence from both animal studies and human cases has emerged that a dysbiosis in the gut may be associated with certain",animal,,
28,animal,bat,https://pubmed.ncbi.nlm.nih.gov/?term=bat+animal+microbiome+metagenomics&filter=simsearch2.ffrft&size=10&page=1,https://pubmed.ncbi.nlm.nih.gov/33795699/,The virome of German bats: comparing virus discovery approaches,"Bats are known to be reservoirs of several highly pathogenic viruses. Hence, the interest in bat virus discovery has been increasing rapidly",animal,,https://pubmed.ncbi.nlm.nih.gov/33795699/
16,animal,human,https://pubmed.ncbi.nlm.nih.gov/?term=human+animal+microbiome+metagenomics&filter=simsearch2.ffrft&size=10&page=2,https://pubmed.ncbi.nlm.nih.gov/32403302/,The Microbiome in Cystic Fibrosis Pulmonary Disease,"Cystic fibrosis (CF) is a genetic disease with mutational changes leading to profound dysbiosis, both pulmonary and intestinal, from a very young",animal,,
12,animal,human,https://pubmed.ncbi.nlm.nih.gov/?term=human+animal+microbiome+metagenomics&filter=simsearch2.ffrft&size=10&page=2,https://pubmed.ncbi.nlm.nih.gov/34951957/,Reuterin in the healthy gut microbiome suppresses colorectal cancer growth through altering redox balance,"Microbial dysbiosis is a colorectal cancer (CRC) hallmark and contributes to inflammation, tumor growth, and therapy response. Gut microbes signal via metabolites,",animal,,
4,animal,cattle,https://pubmed.ncbi.nlm.nih.gov/?term=cattle+animal+microbiome+metagenomics&filter=simsearch2.ffrft&size=10&page=1,https://pubmed.ncbi.nlm.nih.gov/35222847/,ADDAGMA: A database for domestic animal gut microbiome atlas,"Animal gut microbiomes play important roles in the health, diseases, and production of animal hosts. The volume of animal gut metagenomic data,",animal,,https://pubmed.ncbi.nlm.nih.gov/35222847/
40,animal,hamster,https://pubmed.ncbi.nlm.nih.gov/?term=hamster+animal+microbiome+metagenomics&filter=simsearch2.ffrft&size=10&page=1,https://pubmed.ncbi.nlm.nih.gov/36522762/,Leishmania infantum infection does not affect the main composition of the intestinal microbiome of the Syrian hamster,Background: Visceral leishmaniasis (VL) is the most severe form of all leishmanial infections and is caused by infection with protozoa of Leishmania,animal,,https://pubmed.ncbi.nlm.nih.gov/36522762/
10,animal,cattle,https://pubmed.ncbi.nlm.nih.gov/?term=cattle+animal+microbiome+metagenomics&filter=simsearch2.ffrft&size=10&page=2,https://pubmed.ncbi.nlm.nih.gov/34210366/,Metagenomics analysis revealed the distinctive ruminal microbiome and resistive profiles in dairy buffaloes,Background: Antimicrobial resistance poses super challenges in both human health and livestock production. Rumen microbiota is a large reservoir of antibiotic resistance,animal,,https://pubmed.ncbi.nlm.nih.gov/34210366/
9,animal,human,https://pubmed.ncbi.nlm.nih.gov/?term=human+animal+microbiome+metagenomics&filter=simsearch2.ffrft&size=10&page=1,https://pubmed.ncbi.nlm.nih.gov/28866243/,"Intestinal Lactobacillus in health and disease, a driver or just along for the ride?","Metagenomics and related methods have led to significant advances in our understanding of the human microbiome. Members of the genus Lactobacillus, although",animal,,
27,animal,bat,https://pubmed.ncbi.nlm.nih.gov/?term=bat+animal+microbiome+metagenomics&filter=simsearch2.ffrft&size=10&page=1,https://pubmed.ncbi.nlm.nih.gov/31154984/,Is there convergence of gut microbes in blood-feeding vertebrates?,"Animal microbiomes play an important role in dietary adaptation, yet the extent to which microbiome changes exhibit parallel evolution is unclear. Of",animal,,https://pubmed.ncbi.nlm.nih.gov/31154984/
13,animal,human,https://pubmed.ncbi.nlm.nih.gov/?term=human+animal+microbiome+metagenomics&filter=simsearch2.ffrft&size=10&page=2,https://pubmed.ncbi.nlm.nih.gov/33811041/,Long-term dietary patterns are associated with pro-inflammatory and anti-inflammatory features of the gut microbiome,"Objective: The microbiome directly affects the balance of pro-inflammatory and anti-inflammatory responses in the gut. As microbes thrive on dietary substrates, the",animal,,
13,animal,cattle,https://pubmed.ncbi.nlm.nih.gov/?term=cattle+animal+microbiome+metagenomics&filter=simsearch2.ffrft&size=10&page=2,https://pubmed.ncbi.nlm.nih.gov/26552373/,The functionality of the gastrointestinal microbiome in non-human animals,"Due to the significance of the microbiome on human health, much of the current data available regarding microbiome functionality is centered on",animal,,https://pubmed.ncbi.nlm.nih.gov/26552373/
14,animal,cattle,https://pubmed.ncbi.nlm.nih.gov/?term=cattle+animal+microbiome+metagenomics&filter=simsearch2.ffrft&size=10&page=2,https://pubmed.ncbi.nlm.nih.gov/31219789/,Bovine Genome-Microbiome Interactions: Metagenomic Frontier for the Selection of Efficient Productivity in Cattle Systems,"The mutualistic, commensal, and parasitic microorganisms that reside in the rumen and lower gastrointestinal tract of cattle and other ruminants exert enormous",animal,,https://pubmed.ncbi.nlm.nih.gov/31219789/
3,animal,human,https://pubmed.ncbi.nlm.nih.gov/?term=human+animal+microbiome+metagenomics&filter=simsearch2.ffrft&size=10&page=1,https://pubmed.ncbi.nlm.nih.gov/34111395/,Organoids and organs-on-chips: Insights into human gut-microbe interactions,The important and diverse roles of the gut microbiota in human health and disease are increasingly recognized. The difficulty of inferring causation,animal,,
17,animal,human,https://pubmed.ncbi.nlm.nih.gov/?term=human+animal+microbiome+metagenomics&filter=simsearch2.ffrft&size=10&page=2,https://pubmed.ncbi.nlm.nih.gov/33182758/,Can Gut Microbiota Affect Dry Eye Syndrome?,"Using metagenomics, continuing evidence has elicited how intestinal microbiota trigger distant autoimmunity. Sjögren's syndrome (SS) is an autoimmune disease that affects the",animal,,
34,animal,bat,https://pubmed.ncbi.nlm.nih.gov/?term=bat+animal+microbiome+metagenomics&filter=simsearch2.ffrft&size=10&page=2,https://pubmed.ncbi.nlm.nih.gov/29459707/,Hologenomic adaptations underlying the evolution of sanguivory in the common vampire bat,Adaptation to specialized diets often requires modifications at both genomic and microbiome levels. We applied a hologenomic approach to the common vampire,animal,,https://pubmed.ncbi.nlm.nih.gov/29459707/
8,animal,human,https://pubmed.ncbi.nlm.nih.gov/?term=human+animal+microbiome+metagenomics&filter=simsearch2.ffrft&size=10&page=1,https://pubmed.ncbi.nlm.nih.gov/31661299/,Methods in Lung Microbiome Research,The lung microbiome is associated with host immune response and health outcomes in experimental models and patient cohorts. Lung microbiome research is,animal,,
6,animal,human,https://pubmed.ncbi.nlm.nih.gov/?term=human+animal+microbiome+metagenomics&filter=simsearch2.ffrft&size=10&page=1,https://pubmed.ncbi.nlm.nih.gov/32075887/,Mediterranean diet intervention in overweight and obese subjects lowers plasma cholesterol and causes changes in the gut microbiome and metabolome independently of energy intake,"Objectives: This study aimed to explore the effects of an isocaloric Mediterranean diet (MD) intervention on metabolic health, gut microbiome and systemic",animal,,
11,animal,cattle,https://pubmed.ncbi.nlm.nih.gov/?term=cattle+animal+microbiome+metagenomics&filter=simsearch2.ffrft&size=10&page=2,https://pubmed.ncbi.nlm.nih.gov/21378055/,Community structures of fecal bacteria in cattle from different animal feeding operations,"The fecal microbiome of cattle plays a critical role not only in animal health and productivity but also in food safety, pathogen",animal,,https://pubmed.ncbi.nlm.nih.gov/21378055/
4,animal,human,https://pubmed.ncbi.nlm.nih.gov/?term=human+animal+microbiome+metagenomics&filter=simsearch2.ffrft&size=10&page=1,https://pubmed.ncbi.nlm.nih.gov/32556166/,"The food-gut axis: lactic acid bacteria and their link to food, the gut microbiome and human health","Lactic acid bacteria (LAB) are present in foods, the environment and the animal gut, although fermented foods (FFs) are recognized as the",animal,,
25,animal,bat,https://pubmed.ncbi.nlm.nih.gov/?term=bat+animal+microbiome+metagenomics&filter=simsearch2.ffrft&size=10&page=1,https://pubmed.ncbi.nlm.nih.gov/36016275/,Characterization of Pipistrellus pygmaeus Bat Virome from Sweden,"Increasing amounts of data indicate that bats harbor a higher viral diversity relative to other mammalian orders, and they have been recognized",animal,,https://pubmed.ncbi.nlm.nih.gov/36016275/
19,animal,human,https://pubmed.ncbi.nlm.nih.gov/?term=human+animal+microbiome+metagenomics&filter=simsearch2.ffrft&size=10&page=2,https://pubmed.ncbi.nlm.nih.gov/33027674/,Obesity Impairs Short-Term and Working Memory through Gut Microbial Metabolism of Aromatic Amino Acids,"The gut microbiome has been linked to fear extinction learning in animal models. Here, we aimed to explore the gut microbiome and",animal,,
32,animal,bat,https://pubmed.ncbi.nlm.nih.gov/?term=bat+animal+microbiome+metagenomics&filter=simsearch2.ffrft&size=10&page=2,https://pubmed.ncbi.nlm.nih.gov/29765359/,"Comparing Microbiome Sampling Methods in a Wild Mammal: Fecal and Intestinal Samples Record Different Signals of Host Ecology, Evolution","The gut microbiome is a community of host-associated symbiotic microbes that fulfills multiple key roles in host metabolism, immune function, and tissue",animal,,https://pubmed.ncbi.nlm.nih.gov/29765359/
16,animal,cattle,https://pubmed.ncbi.nlm.nih.gov/?term=cattle+animal+microbiome+metagenomics&filter=simsearch2.ffrft&size=10&page=2,https://pubmed.ncbi.nlm.nih.gov/24180266/,Metagenomics of rumen bacteriophage from thirteen lactating dairy cattle,"Background: The bovine rumen hosts a diverse and complex community of Eukarya, Bacteria, Archea and viruses (including bacteriophage). The rumen viral population",animal,,https://pubmed.ncbi.nlm.nih.gov/24180266/
33,animal,bat,https://pubmed.ncbi.nlm.nih.gov/?term=bat+animal+microbiome+metagenomics&filter=simsearch2.ffrft&size=10&page=2,https://pubmed.ncbi.nlm.nih.gov/32824037/,Viral Metagenomic Profiling of Croatian Bat Population Reveals Sample and Habitat Dependent Diversity,"To date, the microbiome, as well as the virome of the Croatian populations of bats, was unknown. Here, we present the results",animal,,https://pubmed.ncbi.nlm.nih.gov/32824037/
21,animal,bat,https://pubmed.ncbi.nlm.nih.gov/?term=bat+animal+microbiome+metagenomics&filter=simsearch2.ffrft&size=10&page=1,https://pubmed.ncbi.nlm.nih.gov/30285857/,Comparative analysis of rodent and small mammal viromes to better understand the wildlife origin of emerging infectious diseases,"Background: Rodents represent around 43% of all mammalian species, are widely distributed, and are the natural reservoirs of a diverse group of",animal,,https://pubmed.ncbi.nlm.nih.gov/30285857/
39,animal,bat,https://pubmed.ncbi.nlm.nih.gov/?term=bat+animal+microbiome+metagenomics&filter=simsearch2.ffrft&size=10&page=2,https://pubmed.ncbi.nlm.nih.gov/31318946/,"Fecal microbiota of different reproductive stages of the central population of the lesser-long nosed bat, Leptonycteris yerbabuenae",In this study we analyzed the microbiota composition of fecal samples from the lesser-long nosed bat Leptonycteris yerbabuenae in different reproductive stages,animal,,https://pubmed.ncbi.nlm.nih.gov/31318946/
15,animal,human,https://pubmed.ncbi.nlm.nih.gov/?term=human+animal+microbiome+metagenomics&filter=simsearch2.ffrft&size=10&page=2,https://pubmed.ncbi.nlm.nih.gov/32235826/,Metagenome-wide association of gut microbiome features for schizophrenia,Evidence is mounting that the gut-brain axis plays an important role in mental diseases fueling mechanistic investigations to provide a basis for,animal,,
20,animal,bat,https://pubmed.ncbi.nlm.nih.gov/?term=bat+animal+microbiome+metagenomics&filter=simsearch2.ffrft&size=10&page=1,https://pubmed.ncbi.nlm.nih.gov/34954661/,Zoonotic disease and virome diversity in bats,The emergence of zoonotic viral diseases in humans commonly reflects exposure to mammalian wildlife. Bats (order Chiroptera) are arguably the most important,animal,,https://pubmed.ncbi.nlm.nih.gov/34954661/
7,animal,cattle,https://pubmed.ncbi.nlm.nih.gov/?term=cattle+animal+microbiome+metagenomics&filter=simsearch2.ffrft&size=10&page=1,https://pubmed.ncbi.nlm.nih.gov/19181843/,Gene-centric metagenomics of the fiber-adherent bovine rumen microbiome reveals forage specific glycoside hydrolases,"The complex microbiome of the rumen functions as an effective system for the conversion of plant cell wall biomass to microbial protein,",animal,,https://pubmed.ncbi.nlm.nih.gov/19181843/
6,animal,cattle,https://pubmed.ncbi.nlm.nih.gov/?term=cattle+animal+microbiome+metagenomics&filter=simsearch2.ffrft&size=10&page=1,https://pubmed.ncbi.nlm.nih.gov/36273894/,Identification of 146 Metagenome-assembled Genomes from the Rumen Microbiome of Cattle in Japan,"The rumen contains a complex microbial ecosystem that degrades plant materials, such as cellulose and hemicellulose. We herein reconstructed 146 nonredundant, rumen-specific",animal,,https://pubmed.ncbi.nlm.nih.gov/36273894/
3,animal,cattle,https://pubmed.ncbi.nlm.nih.gov/?term=cattle+animal+microbiome+metagenomics&filter=simsearch2.ffrft&size=10&page=1,https://pubmed.ncbi.nlm.nih.gov/32398126/,Multi-omics reveals that the rumen microbiome and its metabolome together with the host metabolome contribute to individualized dairy cow performance,"Background: Recently, we reported that some dairy cows could produce high amounts of milk with high amounts of protein (defined as milk",animal,,https://pubmed.ncbi.nlm.nih.gov/32398126/
24,animal,bat,https://pubmed.ncbi.nlm.nih.gov/?term=bat+animal+microbiome+metagenomics&filter=simsearch2.ffrft&size=10&page=1,https://pubmed.ncbi.nlm.nih.gov/36509943/,The Upper Respiratory Tract Microbiome Network Impacted by SARS-CoV-2,"The microbiome of upper respiratory tract (URT) acts as a gatekeeper to respiratory health of the host. However, little is still known",animal,,https://pubmed.ncbi.nlm.nih.gov/36509943/
11,animal,human,https://pubmed.ncbi.nlm.nih.gov/?term=human+animal+microbiome+metagenomics&filter=simsearch2.ffrft&size=10&page=2,https://pubmed.ncbi.nlm.nih.gov/32101703/,Dysbiosis-Induced Secondary Bile Acid Deficiency Promotes Intestinal Inflammation,Secondary bile acids (SBAs) are derived from primary bile acids (PBAs) in a process reliant on biosynthetic capabilities possessed by few microbes.,animal,,
12,animal,cattle,https://pubmed.ncbi.nlm.nih.gov/?term=cattle+animal+microbiome+metagenomics&filter=simsearch2.ffrft&size=10&page=2,https://pubmed.ncbi.nlm.nih.gov/28235871/,Metatranscriptomic Profiling Reveals Linkages between the Active Rumen Microbiome and Feed Efficiency in Beef Cattle,Exploring compositional and functional characteristics of the rumen microbiome can improve the understanding of its role in rumen function and cattle feed,animal,,https://pubmed.ncbi.nlm.nih.gov/28235871/
36,animal,bat,https://pubmed.ncbi.nlm.nih.gov/?term=bat+animal+microbiome+metagenomics&filter=simsearch2.ffrft&size=10&page=2,https://pubmed.ncbi.nlm.nih.gov/35829939/,"Bacteria related to tick-borne pathogen assemblages in Ornithodoros cf. hasei (Acari: Argasidae) and blood of the wild mammal hosts in the Orinoquia region, Colombia","Interest in research on soft ticks has increased in recent decades, leading to valuable insight into their role as disease vectors. The",animal,,https://pubmed.ncbi.nlm.nih.gov/35829939/
23,animal,bat,https://pubmed.ncbi.nlm.nih.gov/?term=bat+animal+microbiome+metagenomics&filter=simsearch2.ffrft&size=10&page=1,https://pubmed.ncbi.nlm.nih.gov/34906258/,You are more than what you eat: potentially adaptive enrichment of microbiome functions across bat dietary niches,"Background: Animals evolved in a microbial world, and their gut microbial symbionts have played a role in their ecological diversification. While many",animal,,https://pubmed.ncbi.nlm.nih.gov/34906258/
17,animal,cattle,https://pubmed.ncbi.nlm.nih.gov/?term=cattle+animal+microbiome+metagenomics&filter=simsearch2.ffrft&size=10&page=2,https://pubmed.ncbi.nlm.nih.gov/30105011/,Investigating Effects of Tulathromycin Metaphylaxis on the Fecal Resistome and Microbiome of Commercial Feedlot Cattle Early in the Feeding Period,"The objective was to examine effects of treating commercial beef feedlot cattle with therapeutic doses of tulathromycin, a macrolide antimicrobial drug, on",animal,,https://pubmed.ncbi.nlm.nih.gov/30105011/
42,soil,paddy,https://pubmed.ncbi.nlm.nih.gov/?term=paddy+soil+microbiome+metagenomics&filter=simsearch2.ffrft&size=10&page=1,https://pubmed.ncbi.nlm.nih.gov/36406415/,Massively parallel single-cell genomics of microbiomes in rice paddies,Plant growth-promoting microbes (PGPMs) have attracted increasing attention because they may be useful in increasing crop yield in a low-input and sustainable,soil,,https://pubmed.ncbi.nlm.nih.gov/36406415/
2,soil,desert,https://pubmed.ncbi.nlm.nih.gov/?term=desert+soil+microbiome+metagenomics&filter=simsearch2.ffrft&size=10&page=1,https://pubmed.ncbi.nlm.nih.gov/25983722/,Reconstructing rare soil microbial genomes using in situ enrichments and metagenomics,"Despite extensive direct sequencing efforts and advanced analytical tools, reconstructing microbial genomes from soil using metagenomics have been challenging due to the",soil,,https://pubmed.ncbi.nlm.nih.gov/25983722/
4,soil,desert,https://pubmed.ncbi.nlm.nih.gov/?term=desert+soil+microbiome+metagenomics&filter=simsearch2.ffrft&size=10&page=1,https://pubmed.ncbi.nlm.nih.gov/34201731/,Climatic Zone and Soil Properties Determine the Biodiversity of the Soil Bacterial Communities Associated to Native Plants from Desert Areas of North-Central Algeria,"Algeria is the largest country in Africa characterized by semi-arid and arid sites, located in the North, and hypersaline zones in the",soil,,https://pubmed.ncbi.nlm.nih.gov/34201731/
46,soil,paddy,https://pubmed.ncbi.nlm.nih.gov/?term=paddy+soil+microbiome+metagenomics&filter=simsearch2.ffrft&size=10&page=1,https://pubmed.ncbi.nlm.nih.gov/26739424/,"Abundance, composition and activity of denitrifier communities in metal polluted paddy soils",Denitrification is one of the most important soil microbial processes leading to the production of nitrous oxide (N2O). The potential changes with,soil,,https://pubmed.ncbi.nlm.nih.gov/26739424/
17,soil,desert,https://pubmed.ncbi.nlm.nih.gov/?term=desert+soil+microbiome+metagenomics&filter=simsearch2.ffrft&size=10&page=2,https://pubmed.ncbi.nlm.nih.gov/34836555/,Leave no stone unturned: individually adapted xerotolerant Thaumarchaeota sheltered below the boulders of the Atacama Desert hyperarid core,Background: The hyperarid core of the Atacama Desert is an extremely harsh environment thought to be colonized by only a few heterotrophic,soil,,https://pubmed.ncbi.nlm.nih.gov/34836555/
44,soil,paddy,https://pubmed.ncbi.nlm.nih.gov/?term=paddy+soil+microbiome+metagenomics&filter=simsearch2.ffrft&size=10&page=1,https://pubmed.ncbi.nlm.nih.gov/35387674/,Heterogeneity of soil bacterial and bacteriophage communities in three rice agroecosystems and potential impacts of bacteriophage on nutrient cycling,"Background: As genetic entities infecting and replicating only in bacteria, bacteriophages can regulate the community structure and functions of their host bacteria.",soil,,https://pubmed.ncbi.nlm.nih.gov/35387674/
8,soil,field,https://pubmed.ncbi.nlm.nih.gov/?term=field+soil+microbiome+metagenomics&filter=simsearch2.ffrft&size=10&page=1,https://pubmed.ncbi.nlm.nih.gov/36632439/,Data on the temporal changes in soil properties and microbiome composition after a jet-fuel contamination during the pot and field experiments,"The soil response to a jet-fuel contamination is uncertain. In this article, original data on the influence of a jet-fuel spillage on",soil,,
19,soil,field,https://pubmed.ncbi.nlm.nih.gov/?term=field+soil+microbiome+metagenomics&filter=simsearch2.ffrft&size=10&page=2,https://pubmed.ncbi.nlm.nih.gov/28885183/,From Microscopy to Genomic Approach in Soil Biodiversity Assessment,"Soil biota represents a major component of the earth's biodiversity and for over 200 years, the microscopy approach was the only way",soil,,
14,soil,field,https://pubmed.ncbi.nlm.nih.gov/?term=field+soil+microbiome+metagenomics&filter=simsearch2.ffrft&size=10&page=2,https://pubmed.ncbi.nlm.nih.gov/31163637/,Effect of Long-Term Farming Practices on Agricultural Soil Microbiome Members Represented by Metagenomically Assembled Genomes (MAGs) and Their Predicted Plant-Beneficial Genes,"To follow the hypothesis that agricultural management practices affect structure and function of the soil microbiome regarding soil health and plant-beneficial traits,",soil,,
6,soil,field,https://pubmed.ncbi.nlm.nih.gov/?term=field+soil+microbiome+metagenomics&filter=simsearch2.ffrft&size=10&page=1,https://pubmed.ncbi.nlm.nih.gov/33736375/,Targeted metagenomics reveals inferior resilience of farm soil resistome compared to soil microbiome after manure application,Application of animal manure to soils results in the introduction of manure-derived bacteria and their antimicrobial resistance genes (ARGs) into soils. ResCap,soil,,
11,soil,field,https://pubmed.ncbi.nlm.nih.gov/?term=field+soil+microbiome+metagenomics&filter=simsearch2.ffrft&size=10&page=2,https://pubmed.ncbi.nlm.nih.gov/23257911/,Metagenomic analysis of the rhizosphere soil microbiome with respect to phytic acid utilization,"While phytic acid is a major form of organic phosphate in many soils, plant utilization of phytic acid is normally limited; however,",soil,,
1,soil,desert,https://pubmed.ncbi.nlm.nih.gov/?term=desert+soil+microbiome+metagenomics&filter=simsearch2.ffrft&size=10&page=1,https://pubmed.ncbi.nlm.nih.gov/34006626/,Diverse Viruses Carrying Genes for Microbial Extremotolerance in the Atacama Desert Hyperarid Soil,Viruses play an essential role in shaping microbial community structures and serve as reservoirs for genetic diversity in many ecosystems. In hyperarid,soil,,https://pubmed.ncbi.nlm.nih.gov/34006626/
14,soil,desert,https://pubmed.ncbi.nlm.nih.gov/?term=desert+soil+microbiome+metagenomics&filter=simsearch2.ffrft&size=10&page=2,https://pubmed.ncbi.nlm.nih.gov/26484162/,"Metagenomic sequence of saline desert microbiota from wild ass sanctuary, Little Rann of Kutch, Gujarat, India","We report Metagenome from the saline desert soil sample of Little Rann of Kutch, Gujarat State, India. Metagenome consisted of 633,760 sequences",soil,,https://pubmed.ncbi.nlm.nih.gov/26484162/
30,soil,agricultural,https://pubmed.ncbi.nlm.nih.gov/?term=agricultural+soil+microbiome+metagenomics&filter=simsearch2.ffrft&size=10&page=2,https://pubmed.ncbi.nlm.nih.gov/36691096/,Leveraging microbiome rediversification for the ecological rescue of soil function,Background: Global biodiversity losses threaten ecosystem services and can impact important functional insurance in a changing world. Microbial diversity and function can,soil,leveraging microbiome rediversification for the ecological rescue of soil function,https://pubmed.ncbi.nlm.nih.gov/36691096/
27,soil,agricultural,https://pubmed.ncbi.nlm.nih.gov/?term=agricultural+soil+microbiome+metagenomics&filter=simsearch2.ffrft&size=10&page=1,https://pubmed.ncbi.nlm.nih.gov/35536051/,Variation in Root Exudate Composition Influences Soil Microbiome Membership and Function,"Root exudation is one of the primary processes that mediate interactions between plant roots, microorganisms, and the soil matrix, yet the mechanisms",soil,variation in root exudate composition influences soil microbiome membership and function,https://pubmed.ncbi.nlm.nih.gov/35536051/
0,soil,field,https://pubmed.ncbi.nlm.nih.gov/?term=field+soil+microbiome+metagenomics&filter=simsearch2.ffrft&size=10&page=1,https://pubmed.ncbi.nlm.nih.gov/35184168/,Grapevine rootstock and soil microbiome interactions: Keys for a resilient viticulture,Soil microbiota has increasingly been shown to play an integral role in viticulture resilience. The emergence of new metagenomic and culturomic technologies,soil,,
45,soil,paddy,https://pubmed.ncbi.nlm.nih.gov/?term=paddy+soil+microbiome+metagenomics&filter=simsearch2.ffrft&size=10&page=1,https://pubmed.ncbi.nlm.nih.gov/30336790/,Consistent responses of soil microbial taxonomic and functional attributes to mercury pollution across China,Background: The ecological consequences of mercury (Hg) pollution-one of the major pollutants worldwide-on microbial taxonomic and functional attributes remain poorly understood and,soil,,https://pubmed.ncbi.nlm.nih.gov/30336790/
22,soil,agricultural,https://pubmed.ncbi.nlm.nih.gov/?term=agricultural+soil+microbiome+metagenomics&filter=simsearch2.ffrft&size=10&page=1,https://pubmed.ncbi.nlm.nih.gov/35103487/,Raman-Deuterium Isotope Probing and Metagenomics Reveal the Drought Tolerance of the Soil Microbiome and Its Promotion of Plant Growth,Drought has become a major agricultural threat leading crop yield loss. Although a few species of rhizobacteria have the ability to promote,soil,raman-deuterium isotope probing and metagenomics reveal the drought tolerance of the soil microbiome and its promotion of plant growth,https://pubmed.ncbi.nlm.nih.gov/35103487/
15,soil,field,https://pubmed.ncbi.nlm.nih.gov/?term=field+soil+microbiome+metagenomics&filter=simsearch2.ffrft&size=10&page=2,https://pubmed.ncbi.nlm.nih.gov/34996363/,Metagenomic analysis of rhizosphere microbiome provides insights into occurrence of iron deficiency chlorosis in field of Asian pears,"Background: Fe-deficiency chlorosis (FDC) of Asian pear plants is widespread, but little is known about the association between the microbial communities in",soil,,
23,soil,agricultural,https://pubmed.ncbi.nlm.nih.gov/?term=agricultural+soil+microbiome+metagenomics&filter=simsearch2.ffrft&size=10&page=1,https://pubmed.ncbi.nlm.nih.gov/35014868/,Genome-Resolved Metagenomics Reveals Distinct Phosphorus Acquisition Strategies between Soil Microbiomes,"Enhancing soil phosphate solubilization is a promising strategy for agricultural sustainability, while little is known about the mechanisms of how microorganisms cope",soil,genome-resolved metagenomics reveals distinct phosphorus acquisition strategies between soil microbiomes,https://pubmed.ncbi.nlm.nih.gov/35014868/
40,soil,paddy,https://pubmed.ncbi.nlm.nih.gov/?term=paddy+soil+microbiome+metagenomics&filter=simsearch2.ffrft&size=10&page=1,https://pubmed.ncbi.nlm.nih.gov/30340631/,The chemodiversity of paddy soil dissolved organic matter correlates with microbial community at continental scales,"Background: Paddy soil dissolved organic matter (DOM) represents a major hotspot for soil biogeochemistry, yet we know little about its chemodiversity let",soil,,https://pubmed.ncbi.nlm.nih.gov/30340631/
13,soil,desert,https://pubmed.ncbi.nlm.nih.gov/?term=desert+soil+microbiome+metagenomics&filter=simsearch2.ffrft&size=10&page=2,https://pubmed.ncbi.nlm.nih.gov/22885757/,Abiotic factors shape microbial diversity in Sonoran Desert soils,"High-throughput, culture-independent surveys of bacterial and archaeal communities in soil have illuminated the importance of both edaphic and biotic influences on microbial",soil,,https://pubmed.ncbi.nlm.nih.gov/22885757/
6,soil,desert,https://pubmed.ncbi.nlm.nih.gov/?term=desert+soil+microbiome+metagenomics&filter=simsearch2.ffrft&size=10&page=1,https://pubmed.ncbi.nlm.nih.gov/34065975/,Microbial Hotspots in Lithic Microhabitats Inferred from DNA Fractionation and Metagenomics in the Atacama Desert,"The existence of microbial activity hotspots in temperate regions of Earth is driven by soil heterogeneities, especially the temporal and spatial availability",soil,,https://pubmed.ncbi.nlm.nih.gov/34065975/
2,soil,field,https://pubmed.ncbi.nlm.nih.gov/?term=field+soil+microbiome+metagenomics&filter=simsearch2.ffrft&size=10&page=1,https://pubmed.ncbi.nlm.nih.gov/32636252/,Deconstructing the Soil Microbiome into Reduced-Complexity Functional Modules,"The soil microbiome represents one of the most complex microbial communities on the planet, encompassing thousands of taxa and metabolic pathways, rendering",soil,,
12,soil,desert,https://pubmed.ncbi.nlm.nih.gov/?term=desert+soil+microbiome+metagenomics&filter=simsearch2.ffrft&size=10&page=2,https://pubmed.ncbi.nlm.nih.gov/33051582/,Life-history strategies of soil microbial communities in an arid ecosystem,The overwhelming taxonomic diversity and metabolic complexity of microorganisms can be simplified by a life-history classification; copiotrophs grow faster and rely on,soil,,https://pubmed.ncbi.nlm.nih.gov/33051582/
11,soil,desert,https://pubmed.ncbi.nlm.nih.gov/?term=desert+soil+microbiome+metagenomics&filter=simsearch2.ffrft&size=10&page=2,https://pubmed.ncbi.nlm.nih.gov/33013765/,Metagenomics Reveal Correlations Between Microbial Organisms in Soils and the Health of Populus euphratica,"Biological diversity plays an important role in the stability of ecosystems. The Mu Us Desert (MUD), located in Northern China, is an",soil,,https://pubmed.ncbi.nlm.nih.gov/33013765/
10,soil,field,https://pubmed.ncbi.nlm.nih.gov/?term=field+soil+microbiome+metagenomics&filter=simsearch2.ffrft&size=10&page=2,https://pubmed.ncbi.nlm.nih.gov/33975936/,Manure Microbial Communities and Resistance Profiles Reconfigure after Transition to Manure Pits and Differ from Those in Fertilized Field Soil,"In agricultural settings, microbes and antimicrobial resistance genes (ARGs) have the potential to be transferred across diverse environments and ecosystems. The consequences",soil,,
18,soil,field,https://pubmed.ncbi.nlm.nih.gov/?term=field+soil+microbiome+metagenomics&filter=simsearch2.ffrft&size=10&page=2,https://pubmed.ncbi.nlm.nih.gov/27450246/,Water management impacts rice methylmercury and the soil microbiome,Rice farmers are pressured to grow rice using less water. The impacts of water-saving rice cultivation methods on rice methylmercury concentrations are,soil,,
15,soil,desert,https://pubmed.ncbi.nlm.nih.gov/?term=desert+soil+microbiome+metagenomics&filter=simsearch2.ffrft&size=10&page=2,https://pubmed.ncbi.nlm.nih.gov/29961874/,Global Ramifications of Dust and Sandstorm Microbiota,"Dust and sandstorm events inject substantial quantities of foreign microorganisms into global ecosystems, with the ability to impact distant environments. The majority",soil,,https://pubmed.ncbi.nlm.nih.gov/29961874/
3,soil,field,https://pubmed.ncbi.nlm.nih.gov/?term=field+soil+microbiome+metagenomics&filter=simsearch2.ffrft&size=10&page=1,https://pubmed.ncbi.nlm.nih.gov/35366565/,The influence of Bt cotton cultivation on the structure and functions of the soil bacterial community by soil metagenomics,"Bt cotton successfully controlled major devastating pests in cotton，such as Helicoverpa armigera and Spodoptera exigua, and led to a drastic decrease in",soil,,
43,soil,paddy,https://pubmed.ncbi.nlm.nih.gov/?term=paddy+soil+microbiome+metagenomics&filter=simsearch2.ffrft&size=10&page=1,https://pubmed.ncbi.nlm.nih.gov/34035399/,Soil bacterial community composition in rice-fish integrated farming systems with different planting years,"The high productivity and efficient nutrient utilization in rice-fish integrated farming system are well reported. However, the characteristics of soil bacterial communities",soil,,https://pubmed.ncbi.nlm.nih.gov/34035399/
35,soil,agricultural,https://pubmed.ncbi.nlm.nih.gov/?term=agricultural+soil+microbiome+metagenomics&filter=simsearch2.ffrft&size=10&page=2,https://pubmed.ncbi.nlm.nih.gov/34943176/,Soil Rehabilitation Promotes Resilient Microbiome with Enriched Keystone Taxa than Agricultural Infestation in Barren Soils on the Loess Plateau,"Drylands provide crucial ecosystem and economic services across the globe. In barren drylands, keystone taxa drive microbial structure and functioning in soil",soil,soil rehabilitation promotes resilient microbiome with enriched keystone taxa than agricultural infestation in barren soils on the loess plateau,https://pubmed.ncbi.nlm.nih.gov/34943176/
4,soil,field,https://pubmed.ncbi.nlm.nih.gov/?term=field+soil+microbiome+metagenomics&filter=simsearch2.ffrft&size=10&page=1,https://pubmed.ncbi.nlm.nih.gov/35112151/,Unboxing the black box-one step forward to understand the soil microbiome: A systematic review,"Soil is one of the most important assets of the planet Earth, responsible for maintaining the biodiversity and managing the ecosystem services",soil,,
16,soil,desert,https://pubmed.ncbi.nlm.nih.gov/?term=desert+soil+microbiome+metagenomics&filter=simsearch2.ffrft&size=10&page=2,https://pubmed.ncbi.nlm.nih.gov/35933499/,Atmospheric chemosynthesis is phylogenetically and geographically widespread and contributes significantly to carbon fixation throughout cold deserts,"Cold desert soil microbiomes thrive despite severe moisture and nutrient limitations. In Eastern Antarctic soils, bacterial primary production is supported by trace",soil,,https://pubmed.ncbi.nlm.nih.gov/35933499/
37,soil,agricultural,https://pubmed.ncbi.nlm.nih.gov/?term=agricultural+soil+microbiome+metagenomics&filter=simsearch2.ffrft&size=10&page=2,https://pubmed.ncbi.nlm.nih.gov/30709420/,The occurrence of potato common scab correlates with the community composition and function of the geocaulosphere soil microbiome,Background: Soil microorganisms can mediate the occurrence of plant diseases. Potato common scab (CS) is a refractory disease caused by pathogenic Streptomyces,soil,the occurrence of potato common scab correlates with the community composition and function of the geocaulosphere soil microbiome,https://pubmed.ncbi.nlm.nih.gov/30709420/
19,soil,desert,https://pubmed.ncbi.nlm.nih.gov/?term=desert+soil+microbiome+metagenomics&filter=simsearch2.ffrft&size=10&page=2,https://pubmed.ncbi.nlm.nih.gov/35852333/,Adaptation to Environmental Extremes Structures Functional Traits in Biological Soil Crust and Hypolithic Microbial Communities,"Biological soil crusts (biocrusts) are widespread in drylands and deserts. At the microhabitat scale, they also host hypolithic communities that live under",soil,,https://pubmed.ncbi.nlm.nih.gov/35852333/
17,soil,field,https://pubmed.ncbi.nlm.nih.gov/?term=field+soil+microbiome+metagenomics&filter=simsearch2.ffrft&size=10&page=2,https://pubmed.ncbi.nlm.nih.gov/31890785/,Soil microbiome dataset from Guanica dry forest in Puerto Rico generated by shotgun sequencing,"Guanica dry forest (GDF), located in the southwest area or region of Puerto Rico, is among the most preserved subtropical dry forests",soil,,
36,soil,agricultural,https://pubmed.ncbi.nlm.nih.gov/?term=agricultural+soil+microbiome+metagenomics&filter=simsearch2.ffrft&size=10&page=2,https://pubmed.ncbi.nlm.nih.gov/33122409/,Metagenomes and Metatranscriptomes of a Glucose-Amended Agricultural Soil,"The addition of glucose to soil has long been used to study the metabolic activity of microbes in soil; however, the response",soil,metagenomes and metatranscriptomes of a glucose-amended agricultural soil,https://pubmed.ncbi.nlm.nih.gov/33122409/
28,soil,agricultural,https://pubmed.ncbi.nlm.nih.gov/?term=agricultural+soil+microbiome+metagenomics&filter=simsearch2.ffrft&size=10&page=1,https://pubmed.ncbi.nlm.nih.gov/33672037/,Gentamicin Adsorption onto Soil Particles Prevents Overall Short-Term Effects on the Soil Microbiome and Resistome,"Antibiotics used in agriculture may reach the environment and stimulate the development and dissemination of antibiotic resistance in the soil microbiome. However,",soil,gentamicin adsorption onto soil particles prevents overall short-term effects on the soil microbiome and resistome,https://pubmed.ncbi.nlm.nih.gov/33672037/
47,soil,paddy,https://pubmed.ncbi.nlm.nih.gov/?term=paddy+soil+microbiome+metagenomics&filter=simsearch2.ffrft&size=10&page=1,https://pubmed.ncbi.nlm.nih.gov/33827695/,"Important ecophysiological roles of non-dominant Actinobacteria in plant residue decomposition, especially in less fertile soils","Background: Microbial-driven decomposition of plant residues is integral to carbon sequestration in terrestrial ecosystems. Actinobacteria, one of the most widely distributed bacterial",soil,,https://pubmed.ncbi.nlm.nih.gov/33827695/
33,soil,agricultural,https://pubmed.ncbi.nlm.nih.gov/?term=agricultural+soil+microbiome+metagenomics&filter=simsearch2.ffrft&size=10&page=2,https://pubmed.ncbi.nlm.nih.gov/32111593/,Metagenomics-Guided Discovery of Potential Bacterial Metallothionein Genes from the Soil Microbiome That Confer Cu and/or Cd Resistance,"Metallothionein (MT) genes are valuable genetic materials for developing metal bioremediation tools. Currently, a limited number of prokaryotic MTs have been experimentally",soil,metagenomics-guided discovery of potential bacterial metallothionein genes from the soil microbiome that confer cu and/or cd resistance,https://pubmed.ncbi.nlm.nih.gov/32111593/
30,water,aquatic,https://pubmed.ncbi.nlm.nih.gov/?term=aquatic+water+microbiome+metagenomics&filter=simsearch2.ffrft&size=10&page=1,https://pubmed.ncbi.nlm.nih.gov/30674352/,Genomic and metagenomic insights into the microbial community of a thermal spring,"Background: Water springs provide important ecosystem services including drinking water supply, recreation, and balneotherapy, but their microbial communities remain largely unknown. In",water,,https://pubmed.ncbi.nlm.nih.gov/30674352/
8,water,sea,https://pubmed.ncbi.nlm.nih.gov/?term=sea+water+microbiome+metagenomics&filter=simsearch2.ffrft&size=10&page=1,https://pubmed.ncbi.nlm.nih.gov/35906296/,Why the ocean virome matters,"Expeditions are delivering data wealth about our planet’s oceans, including its microbes. Some labs are now diving deep into the ocean virome.",water,,https://pubmed.ncbi.nlm.nih.gov/35906296/
9,water,sea,https://pubmed.ncbi.nlm.nih.gov/?term=sea+water+microbiome+metagenomics&filter=simsearch2.ffrft&size=10&page=1,https://pubmed.ncbi.nlm.nih.gov/36222702/,"Distributional Pattern of Bacteria, Protists, and Diatoms in Ocean according to Water Depth in the Northern South China Sea",Ocean microbiomes provide insightful details about the condition of water and the global impact of marine ecosystems. A fine-scale analysis of ocean,water,,https://pubmed.ncbi.nlm.nih.gov/36222702/
29,water,aquatic,https://pubmed.ncbi.nlm.nih.gov/?term=aquatic+water+microbiome+metagenomics&filter=simsearch2.ffrft&size=10&page=1,https://pubmed.ncbi.nlm.nih.gov/35889116/,Next-Generation High-Throughput Sequencing to Evaluate Bacterial Communities in Freshwater Ecosystem in Hydroelectric Reservoirs,The quality of aquatic ecosystems is a major public health concern. The assessment and management of a freshwater system and the ecological,water,,https://pubmed.ncbi.nlm.nih.gov/35889116/
25,water,aquatic,https://pubmed.ncbi.nlm.nih.gov/?term=aquatic+water+microbiome+metagenomics&filter=simsearch2.ffrft&size=10&page=1,https://pubmed.ncbi.nlm.nih.gov/33461660/,Freshwater monitoring by nanopore sequencing,"While traditional microbiological freshwater tests focus on the detection of specific bacterial indicator species, including pathogens, direct tracing of all aquatic DNA",water,,https://pubmed.ncbi.nlm.nih.gov/33461660/
38,water,aquatic,https://pubmed.ncbi.nlm.nih.gov/?term=aquatic+water+microbiome+metagenomics&filter=simsearch2.ffrft&size=10&page=2,https://pubmed.ncbi.nlm.nih.gov/25250019/,Metagenomic insights into particles and their associated microbiota in a coastal margin ecosystem,Our previously published research was one of the pioneering studies on the use of metagenomics to directly compare taxonomic and metabolic properties,water,,https://pubmed.ncbi.nlm.nih.gov/25250019/
6,water,wastewater,https://pubmed.ncbi.nlm.nih.gov/?term=wastewater+water+microbiome+metagenomics&filter=simsearch2.ffrft&size=10&page=1,https://pubmed.ncbi.nlm.nih.gov/31139160/,The Water Microbiome Through a Pilot Scale Advanced Treatment Facility for Direct Potable Reuse,"Advanced treatment facilities for potable water reuse of wastewater are designed to achieve high removal levels of specific pathogens, as well as",water,,
14,water,wastewater,https://pubmed.ncbi.nlm.nih.gov/?term=wastewater+water+microbiome+metagenomics&filter=simsearch2.ffrft&size=10&page=2,https://pubmed.ncbi.nlm.nih.gov/31940838/,Urbanization and Waterborne Pathogen Emergence in Low-Income Countries: Where and How to Conduct Surveys?,"A major forthcoming sanitary issue concerns the apparition and spreading of drug-resistant microorganisms, potentially threatening millions of humans. In low-income countries, polluted",water,,
10,water,wastewater,https://pubmed.ncbi.nlm.nih.gov/?term=wastewater+water+microbiome+metagenomics&filter=simsearch2.ffrft&size=10&page=2,https://pubmed.ncbi.nlm.nih.gov/34225233/,Impact of sulfamethoxazole on a riverine microbiome,The continued emergence of bacterial pathogens presenting antimicrobial resistance is widely recognised as a global health threat and recent attention focused on,water,,
4,water,wastewater,https://pubmed.ncbi.nlm.nih.gov/?term=wastewater+water+microbiome+metagenomics&filter=simsearch2.ffrft&size=10&page=1,https://pubmed.ncbi.nlm.nih.gov/34325201/,Metagenomics of wastewater phageome identifies an extensively cored antibiotic resistome in a swine feedlot water treatment environment,"Huge number of antibiotic resistance genes (ARGs) have been widely detected in phage genomes from anthropogenic environment or animal farms, whereas little",water,,
8,water,wastewater,https://pubmed.ncbi.nlm.nih.gov/?term=wastewater+water+microbiome+metagenomics&filter=simsearch2.ffrft&size=10&page=1,https://pubmed.ncbi.nlm.nih.gov/29269503/,Metagenomics Reveals the Impact of Wastewater Treatment Plants on the Dispersal of Microorganisms and Genes in Aquatic Sediments,"Wastewater treatment plants (WWTPs) release treated effluent containing mobile genetic elements (MGEs), antibiotic resistance genes (ARGs), and microorganisms into the environment, yet",water,,
12,water,sea,https://pubmed.ncbi.nlm.nih.gov/?term=sea+water+microbiome+metagenomics&filter=simsearch2.ffrft&size=10&page=2,https://pubmed.ncbi.nlm.nih.gov/35027090/,Sulfate-dependant microbially induced corrosion of mild steel in the deep sea: a 10-year microbiome study,"Background: Metal corrosion in seawater has been extensively studied in surface and shallow waters. However, infrastructure is increasingly being installed in deep-sea",water,,https://pubmed.ncbi.nlm.nih.gov/35027090/
20,water,brine,https://pubmed.ncbi.nlm.nih.gov/?term=brine+water+microbiome+metagenomics&filter=simsearch2.ffrft&size=10&page=1,https://pubmed.ncbi.nlm.nih.gov/35034639/,Microbial colonization and persistence in deep fractured shales is guided by metabolic exchanges and viral predation,Background: Microbial colonization of subsurface shales following hydraulic fracturing offers the opportunity to study coupled biotic and abiotic factors that impact microbial,water,,https://pubmed.ncbi.nlm.nih.gov/35034639/
0,water,sea,https://pubmed.ncbi.nlm.nih.gov/?term=sea+water+microbiome+metagenomics&filter=simsearch2.ffrft&size=10&page=1,https://pubmed.ncbi.nlm.nih.gov/33902743/,The microbiome of the Black Sea water column analyzed by shotgun and genome centric metagenomics,"Background: The Black Sea is the largest brackish water body in the world, although it is connected to the Mediterranean Sea and",water,,https://pubmed.ncbi.nlm.nih.gov/33902743/
19,water,wastewater,https://pubmed.ncbi.nlm.nih.gov/?term=wastewater+water+microbiome+metagenomics&filter=simsearch2.ffrft&size=10&page=2,https://pubmed.ncbi.nlm.nih.gov/36111782/,Mobilome-driven segregation of the resistome in biological wastewater treatment,Biological wastewater treatment plants (BWWTP) are considered to be hotspots for the evolution and subsequent spread of antimicrobial resistance (AMR). Mobile genetic,water,,
15,water,wastewater,https://pubmed.ncbi.nlm.nih.gov/?term=wastewater+water+microbiome+metagenomics&filter=simsearch2.ffrft&size=10&page=2,https://pubmed.ncbi.nlm.nih.gov/35759608/,Demonstrating a Comprehensive Wastewater-Based Surveillance Approach That Differentiates Globally Sourced Resistomes,"Wastewater-based surveillance (WBS) for disease monitoring is highly promising but requires consistent methodologies that incorporate predetermined objectives, targets, and metrics. Herein, we",water,,
40,water,aquatic,https://pubmed.ncbi.nlm.nih.gov/?term=aquatic+water+microbiome+metagenomics&filter=simsearch2.ffrft&size=10&page=2,https://pubmed.ncbi.nlm.nih.gov/23062173/,Key microbial drivers in Antarctic aquatic environments,Antarctica is arguably the world's most important continent for influencing the Earth's climate and ocean ecosystem function. The unique physico-chemical properties of,water,,https://pubmed.ncbi.nlm.nih.gov/23062173/
17,water,wastewater,https://pubmed.ncbi.nlm.nih.gov/?term=wastewater+water+microbiome+metagenomics&filter=simsearch2.ffrft&size=10&page=2,https://pubmed.ncbi.nlm.nih.gov/32947654/,Revealing antimicrobial resistance in stormwater with MinION,"Discharge of urban stormwater containing organic matter, heavy metals and sometime human feces, to the natural aquatic reservoirs without any treatment is",water,,
11,water,wastewater,https://pubmed.ncbi.nlm.nih.gov/?term=wastewater+water+microbiome+metagenomics&filter=simsearch2.ffrft&size=10&page=2,https://pubmed.ncbi.nlm.nih.gov/33218999/,Taxonomic and Functional Shifts in the Sprout Spent Irrigation Water Microbiome in Response to Salmonella Contamination of Alfalfa Seeds,"Despite recent advances in Salmonella-sprout research, little is known about the relationship between Salmonella and the sprout microbiome during sprouting. Sprout spent",water,,
18,water,wastewater,https://pubmed.ncbi.nlm.nih.gov/?term=wastewater+water+microbiome+metagenomics&filter=simsearch2.ffrft&size=10&page=2,https://pubmed.ncbi.nlm.nih.gov/36060745/,Hormetic effect of 17α-ethynylestradiol on activated sludge microbial community response,Synthetic estrogen analogues are among the most potent estrogenic contaminants in effluents from wastewater treatment plants. Although its effects have been well,water,,
18,water,sea,https://pubmed.ncbi.nlm.nih.gov/?term=sea+water+microbiome+metagenomics&filter=simsearch2.ffrft&size=10&page=2,https://pubmed.ncbi.nlm.nih.gov/36207335/,Size-fractionated microbiome observed during an eight-month long sampling in Jiaozhou Bay and the Yellow Sea,Jiaozhou Bay is a typical semi-enclosed bay with a temperate climate imposed by strong anthropogenic influence. To investigate microbial biodiversity and ecosystem,water,,https://pubmed.ncbi.nlm.nih.gov/36207335/
11,water,sea,https://pubmed.ncbi.nlm.nih.gov/?term=sea+water+microbiome+metagenomics&filter=simsearch2.ffrft&size=10&page=2,https://pubmed.ncbi.nlm.nih.gov/28677326/,Microbial community analysis of the hypersaline water of the Dead Sea using high-throughput amplicon sequencing,Amplicon sequencing using next-generation technology (bTEFAP® ) has been utilized in describing the diversity of Dead Sea microbiota. The investigated area is,water,,https://pubmed.ncbi.nlm.nih.gov/28677326/
1,water,wastewater,https://pubmed.ncbi.nlm.nih.gov/?term=wastewater+water+microbiome+metagenomics&filter=simsearch2.ffrft&size=10&page=1,https://pubmed.ncbi.nlm.nih.gov/35726918/,Microbiome Analysis for Wastewater Surveillance during COVID-19,"Wastewater surveillance (WS), when coupled with advanced molecular techniques, offers near real-time monitoring of community-wide transmission of SARS-CoV-2 and allows assessing and",water,,
17,water,sea,https://pubmed.ncbi.nlm.nih.gov/?term=sea+water+microbiome+metagenomics&filter=simsearch2.ffrft&size=10&page=2,https://pubmed.ncbi.nlm.nih.gov/37047466/,The Landscape of Global Ocean Microbiome: From Bacterioplankton to Biofilms,"The development of metagenomics has opened up a new era in the study of marine microbiota, which play important roles in biogeochemical",water,,https://pubmed.ncbi.nlm.nih.gov/37047466/
41,water,aquatic,https://pubmed.ncbi.nlm.nih.gov/?term=aquatic+water+microbiome+metagenomics&filter=simsearch2.ffrft&size=10&page=2,https://pubmed.ncbi.nlm.nih.gov/34766210/,Metagenomics Analysis to Investigate the Microbial Communities and Their Functional Profile During Cyanobacterial Blooms in Lake Varese,Toxic cyanobacterial blooms represent a natural phenomenon caused by a mass proliferation of photosynthetic prokaryotic microorganisms in water environments. Bloom events have,water,,https://pubmed.ncbi.nlm.nih.gov/34766210/
7,water,wastewater,https://pubmed.ncbi.nlm.nih.gov/?term=wastewater+water+microbiome+metagenomics&filter=simsearch2.ffrft&size=10&page=1,https://pubmed.ncbi.nlm.nih.gov/31757984/,"Qualitative microbiome profiling along a wastewater system in Kampala, Uganda","Kampala, the capital city of Uganda, is rapidly expanding without adequate wastewater treatment facilities to accommodate the current estimated population of 1.68",water,,
13,water,wastewater,https://pubmed.ncbi.nlm.nih.gov/?term=wastewater+water+microbiome+metagenomics&filter=simsearch2.ffrft&size=10&page=2,https://pubmed.ncbi.nlm.nih.gov/36045433/,Extra benefit of microalgae in raw piggery wastewater treatment: pathogen reduction,"Background: Monitoring microbial communities especially focused on pathogens in newly developed wastewater treatment systems is recommended for public health. Thus, we investigated",water,,
22,water,brine,https://pubmed.ncbi.nlm.nih.gov/?term=brine+water+microbiome+metagenomics&filter=simsearch2.ffrft&size=10&page=1,https://pubmed.ncbi.nlm.nih.gov/28454706/,"Microbial diversity of the hypersaline and lithium-rich Salar de Uyuni, Bolivia","Salar de Uyuni, situated in the Southwest of the Bolivian Altiplano, is the largest salt flat on Earth. Brines of this athalassohaline",water,,https://pubmed.ncbi.nlm.nih.gov/28454706/
2,water,wastewater,https://pubmed.ncbi.nlm.nih.gov/?term=wastewater+water+microbiome+metagenomics&filter=simsearch2.ffrft&size=10&page=1,https://pubmed.ncbi.nlm.nih.gov/35495647/,Metagenomics Insights Into the Microbial Diversity and Microbiome Network Analysis on the Heterogeneity of Influent to Effluent Water,"Sanitizing the water sources of local communities is important to control the spread of microbial resistance genes, especially those for water-borne illnesses.",water,,
32,water,aquatic,https://pubmed.ncbi.nlm.nih.gov/?term=aquatic+water+microbiome+metagenomics&filter=simsearch2.ffrft&size=10&page=1,https://pubmed.ncbi.nlm.nih.gov/36457105/,Population structure of an Antarctic aquatic cyanobacterium,"Background: Ace Lake is a marine-derived, stratified lake in the Vestfold Hills of East Antarctica with an upper oxic and lower anoxic",water,,https://pubmed.ncbi.nlm.nih.gov/36457105/
3,water,sea,https://pubmed.ncbi.nlm.nih.gov/?term=sea+water+microbiome+metagenomics&filter=simsearch2.ffrft&size=10&page=1,https://pubmed.ncbi.nlm.nih.gov/25999513/,Ocean plankton. Structure and function of the global ocean microbiome,"Microbes are dominant drivers of biogeochemical processes, yet drawing a global picture of functional diversity, microbial community structure, and their ecological determinants",water,,https://pubmed.ncbi.nlm.nih.gov/25999513/
3,water,wastewater,https://pubmed.ncbi.nlm.nih.gov/?term=wastewater+water+microbiome+metagenomics&filter=simsearch2.ffrft&size=10&page=1,https://pubmed.ncbi.nlm.nih.gov/30416489/,Characterization of the Microbiome at the World's Largest Potable Water Reuse Facility,"Conventional water resources are not sufficient in many regions to meet the needs of growing populations. Due to cyclical weather cycles, drought,",water,,
23,water,brine,https://pubmed.ncbi.nlm.nih.gov/?term=brine+water+microbiome+metagenomics&filter=simsearch2.ffrft&size=10&page=1,https://pubmed.ncbi.nlm.nih.gov/31150456/,A novel thermostable and halophilic thioredoxin reductase from the Red Sea Atlantis II hot brine pool,The highly extreme conditions of the lower convective layer in the Atlantis II (ATII) Deep brine pool of the Red Sea make,water,,https://pubmed.ncbi.nlm.nih.gov/31150456/
7,water,sea,https://pubmed.ncbi.nlm.nih.gov/?term=sea+water+microbiome+metagenomics&filter=simsearch2.ffrft&size=10&page=1,https://pubmed.ncbi.nlm.nih.gov/29187708/,Library Construction from Subnanogram DNA for Pelagic Sea Water and Deep-Sea Sediments,"Shotgun metagenomics is a low biased technology for assessing environmental microbial diversity and function. However, the requirement for a sufficient amount of",water,,https://pubmed.ncbi.nlm.nih.gov/29187708/
26,water,aquatic,https://pubmed.ncbi.nlm.nih.gov/?term=aquatic+water+microbiome+metagenomics&filter=simsearch2.ffrft&size=10&page=1,https://pubmed.ncbi.nlm.nih.gov/31630686/,Phage-centric ecological interactions in aquatic ecosystems revealed through ultra-deep metagenomics,The persistent inertia in the ability to culture environmentally abundant microbes from aquatic ecosystems represents an obstacle in disentangling the complex web,water,,https://pubmed.ncbi.nlm.nih.gov/31630686/
12,water,wastewater,https://pubmed.ncbi.nlm.nih.gov/?term=wastewater+water+microbiome+metagenomics&filter=simsearch2.ffrft&size=10&page=2,https://pubmed.ncbi.nlm.nih.gov/36257428/,Sediment metagenomics reveals the impacts of poultry industry wastewater on antibiotic resistance and nitrogen cycling genes in tidal creek ecosystems,"The intensification of the poultry industry may lead to the increased spread of antibiotic resistance genes (ARGs) in the environment. However, the",water,,
4,water,sea,https://pubmed.ncbi.nlm.nih.gov/?term=sea+water+microbiome+metagenomics&filter=simsearch2.ffrft&size=10&page=1,https://pubmed.ncbi.nlm.nih.gov/30154496/,In situ development of a methanotrophic microbiome in deep-sea sediments,Emission of the greenhouse gas methane from the seabed is globally controlled by marine aerobic and anaerobic methanotrophs gaining energy via methane,water,,https://pubmed.ncbi.nlm.nih.gov/30154496/
17,water,wastewater,https://pubmed.ncbi.nlm.nih.gov/?term=wastewater+water+microbiome+metagenomics&filter=simsearch2.ffrft&size=10&page=2,https://pubmed.ncbi.nlm.nih.gov/37152760/,"New insight into the microbiome, resistome, and mobilome on the dental waste water in the context of heavy metal environment","Object: Hospital sewage have been associated with incorporation of antibiotic resistance genes (ARGs) and mobile genetic elements (MGEs) into microbes, which is",water,,
43,water,aquatic,https://pubmed.ncbi.nlm.nih.gov/?term=aquatic+water+microbiome+metagenomics&filter=simsearch2.ffrft&size=10&page=2,https://pubmed.ncbi.nlm.nih.gov/33436089/,Polinton-like viruses are abundant in aquatic ecosystems,Background: Polintons are large mobile genetic elements found in the genomes of eukaryotic organisms that are considered the ancient ancestors of most,water,,https://pubmed.ncbi.nlm.nih.gov/33436089/
2,water,sea,https://pubmed.ncbi.nlm.nih.gov/?term=sea+water+microbiome+metagenomics&filter=simsearch2.ffrft&size=10&page=1,https://pubmed.ncbi.nlm.nih.gov/33305509/,Epipelagic microbiome of the Small Aral Sea: Metagenomic structure and ecological diversity,Microbial diversity studies regarding the aquatic communities that experienced or are experiencing environmental problems are essential for the comprehension of the remediation,water,,https://pubmed.ncbi.nlm.nih.gov/33305509/
9,water,wastewater,https://pubmed.ncbi.nlm.nih.gov/?term=wastewater+water+microbiome+metagenomics&filter=simsearch2.ffrft&size=10&page=1,https://pubmed.ncbi.nlm.nih.gov/35139924/,"Microeukaryotic gut parasites in wastewater treatment plants: diversity, activity, and removal","Background: During wastewater treatment, the wastewater microbiome facilitates the degradation of organic matter, reduction of nutrients, and removal of gut parasites. While",water,,
16,plant,stem,https://pubmed.ncbi.nlm.nih.gov/?term=stem+plant+microbiome+metagenomics&filter=simsearch2.ffrft&size=10&page=2,https://pubmed.ncbi.nlm.nih.gov/35935216/,"Temporal Dynamics of Endogenous Bacterial Composition in Rice Seeds During Maturation and Storage, and Spatial Dynamics of the Bacteria During Seedling Growth","Seed endophytes are of interest because they are believed to affect seed quality, and ultimately, plant growth and fitness. A comprehensive understanding",plant,,https://pubmed.ncbi.nlm.nih.gov/35935216/
17,plant,leaf,https://pubmed.ncbi.nlm.nih.gov/?term=leaf+plant+microbiome+metagenomics&filter=simsearch2.ffrft&size=10&page=2,https://pubmed.ncbi.nlm.nih.gov/36559640/,Quercus ilex Phyllosphere Microbiome Environmental-Driven Structure and Composition Shifts in a Mediterranean Contex,The intra- and interdomain phyllosphere microbiome features of Quercus ilex L. in a Mediterranean context is reported. We hypothesized that the main,plant,,
10,plant,leaf,https://pubmed.ncbi.nlm.nih.gov/?term=leaf+plant+microbiome+metagenomics&filter=simsearch2.ffrft&size=10&page=2,https://pubmed.ncbi.nlm.nih.gov/30464766/,"Plant Microbiome and Its Link to Plant Health: Host Species, Organs and Pseudomonas syringae pv. actinidiae Infection Shaping Bacterial Phyllosphere Communities of Kiwifruit Plants","Pseudomonas syringae pv. actinidiae (Psa) is the causal agent of the bacterial canker, the most devastating disease of kiwifruit vines. Before entering",plant,,
19,plant,stem,https://pubmed.ncbi.nlm.nih.gov/?term=stem+plant+microbiome+metagenomics&filter=simsearch2.ffrft&size=10&page=2,https://pubmed.ncbi.nlm.nih.gov/23705801/,Baseline survey of the anatomical microbial ecology of an important food plant: Solanum lycopersicum (tomato),Background: Research to understand and control microbiological risks associated with the consumption of fresh fruits and vegetables has examined many environments in,plant,,https://pubmed.ncbi.nlm.nih.gov/23705801/
6,plant,leaf,https://pubmed.ncbi.nlm.nih.gov/?term=leaf+plant+microbiome+metagenomics&filter=simsearch2.ffrft&size=10&page=1,https://pubmed.ncbi.nlm.nih.gov/32988416/,Soil origin and plant genotype structure distinct microbiome compartments in the model legume Medicago truncatula,Background: Understanding the genetic and environmental factors that structure plant microbiomes is necessary for leveraging these interactions to address critical needs in,plant,,
52,plant,wood,https://pubmed.ncbi.nlm.nih.gov/?term=wood+plant+microbiome+metagenomics&filter=simsearch2.ffrft&size=10&page=2,https://pubmed.ncbi.nlm.nih.gov/33436515/,Complementary Roles of Wood-Inhabiting Fungi and Bacteria Facilitate Deadwood Decomposition,"Forests accumulate and store large amounts of carbon (C), and a substantial fraction of this stock is contained in deadwood. This transient",plant,,https://pubmed.ncbi.nlm.nih.gov/33436515/
8,plant,stem,https://pubmed.ncbi.nlm.nih.gov/?term=stem+plant+microbiome+metagenomics&filter=simsearch2.ffrft&size=10&page=1,https://pubmed.ncbi.nlm.nih.gov/33780002/,New insight to the role of microbes in the methane exchange in trees: evidence from metagenomic sequencing,Methane (CH4 ) exchange in tree stems and canopies and the processes involved are among the least understood components of the global,plant,,https://pubmed.ncbi.nlm.nih.gov/33780002/
45,plant,wood,https://pubmed.ncbi.nlm.nih.gov/?term=wood+plant+microbiome+metagenomics&filter=simsearch2.ffrft&size=10&page=1,https://pubmed.ncbi.nlm.nih.gov/34344895/,"Metagenomes, metatranscriptomes and microbiomes of naturally decomposing deadwood",Deadwood represents significant carbon (C) stock in a temperate forests. Its decomposition and C mobilization is accomplished by decomposer microorganisms - fungi,plant,,https://pubmed.ncbi.nlm.nih.gov/34344895/
25,plant,flower,https://pubmed.ncbi.nlm.nih.gov/?term=flower+plant+microbiome+metagenomics&filter=simsearch2.ffrft&size=10&page=1,https://pubmed.ncbi.nlm.nih.gov/32984478/,Microbial and functional diversity of Cyclopia intermedia rhizosphere microbiome revealed by analysis of shotgun metagenomics sequence data,"Cyclopia spp., commonly referred to as honeybush due to the honey scented flowers, are indigenous legumes mainly growing in the Cape Floristic",plant,,https://pubmed.ncbi.nlm.nih.gov/32984478/
8,plant,leaf,https://pubmed.ncbi.nlm.nih.gov/?term=leaf+plant+microbiome+metagenomics&filter=simsearch2.ffrft&size=10&page=1,https://pubmed.ncbi.nlm.nih.gov/34960726/,Metagenomics Analysis of the Wheat Virome Identifies Novel Plant and Fungal-Associated Viral Sequences,"Wheat viruses including wheat streak mosaic virus, Triticum mosaic virus, and barley yellow dwarf virus cost substantial losses in crop yields every",plant,,
20,plant,flower,https://pubmed.ncbi.nlm.nih.gov/?term=flower+plant+microbiome+metagenomics&filter=simsearch2.ffrft&size=10&page=1,https://pubmed.ncbi.nlm.nih.gov/35406820/,The Grapevine Microbiome to the Rescue: Implications for the Biocontrol of Trunk Diseases,Grapevine trunk diseases (GTDs) are one of the most devastating pathologies that threaten the survival and profitability of vineyards around the world.,plant,,https://pubmed.ncbi.nlm.nih.gov/35406820/
15,plant,leaf,https://pubmed.ncbi.nlm.nih.gov/?term=leaf+plant+microbiome+metagenomics&filter=simsearch2.ffrft&size=10&page=2,https://pubmed.ncbi.nlm.nih.gov/31893578/,Characterization of the core microbiome in tobacco leaves during aging,Microbiome plays an important role during the tobacco aging process which was an indispensable link in the production and processing of cigarettes.,plant,,
5,plant,stem,https://pubmed.ncbi.nlm.nih.gov/?term=stem+plant+microbiome+metagenomics&filter=simsearch2.ffrft&size=10&page=1,https://pubmed.ncbi.nlm.nih.gov/31366912/,"Microbiomes of Velloziaceae from phosphorus-impoverished soils of the campos rupestres, a biodiversity hotspot","The rocky, seasonally-dry and nutrient-impoverished soils of the Brazilian campos rupestres impose severe growth-limiting conditions on plants. Species of a dominant plant",plant,,https://pubmed.ncbi.nlm.nih.gov/31366912/
12,plant,leaf,https://pubmed.ncbi.nlm.nih.gov/?term=leaf+plant+microbiome+metagenomics&filter=simsearch2.ffrft&size=10&page=2,https://pubmed.ncbi.nlm.nih.gov/36419926/,Maize rhizosphere modulates the microbiome diversity and community structure to enhance plant health,"Metagenomic has been explored in investigating microbiome diversity. However, there is limited available information on its application towards securing plant health. Hence,",plant,,
1,plant,stem,https://pubmed.ncbi.nlm.nih.gov/?term=stem+plant+microbiome+metagenomics&filter=simsearch2.ffrft&size=10&page=1,https://pubmed.ncbi.nlm.nih.gov/36255324/,"Nitrogen Fertilizer Application Alters the Root Endophyte Bacterial Microbiome in Maize Plants, but Not in the Stem or Rhizosphere Soil","Plant-associated microorganisms that affect plant development, their composition, and their functionality are determined by the host, soil conditions, and agricultural practices. How",plant,,https://pubmed.ncbi.nlm.nih.gov/36255324/
28,plant,flower,https://pubmed.ncbi.nlm.nih.gov/?term=flower+plant+microbiome+metagenomics&filter=simsearch2.ffrft&size=10&page=1,https://pubmed.ncbi.nlm.nih.gov/35336212/,Unraveling the Tropaeolum majus L. (Nasturtium) Root-Associated Bacterial Community in Search of Potential Biofertilizers,"Although Tropaeolum majus (nasturtium) is an agriculturally and economically important plant, especially due to the presence of edible flowers and its medicinal",plant,,https://pubmed.ncbi.nlm.nih.gov/35336212/
4,plant,stem,https://pubmed.ncbi.nlm.nih.gov/?term=stem+plant+microbiome+metagenomics&filter=simsearch2.ffrft&size=10&page=1,https://pubmed.ncbi.nlm.nih.gov/29378627/,Integrated multi-omic analysis of host-microbiota interactions in acute oak decline,"Background: Britain's native oak species are currently under threat from acute oak decline (AOD), a decline-disease where stem bleeds overlying necrotic lesions",plant,,https://pubmed.ncbi.nlm.nih.gov/29378627/
31,plant,flower,https://pubmed.ncbi.nlm.nih.gov/?term=flower+plant+microbiome+metagenomics&filter=simsearch2.ffrft&size=10&page=2,https://pubmed.ncbi.nlm.nih.gov/35082293/,The pollen virome of wild plants and its association with variation in floral traits and land use,Pollen is a unique vehicle for viral spread. Pollen-associated viruses hitchhike on or within pollen grains and are transported to other plants,plant,,https://pubmed.ncbi.nlm.nih.gov/35082293/
30,plant,flower,https://pubmed.ncbi.nlm.nih.gov/?term=flower+plant+microbiome+metagenomics&filter=simsearch2.ffrft&size=10&page=2,https://pubmed.ncbi.nlm.nih.gov/32974094/,Omics approaches in Allium research: Progress and way ahead,Background: The genus Allium (Family: Amaryllidaceae) is an economically important group of crops cultivated worldwide for their use as a vegetable and,plant,,https://pubmed.ncbi.nlm.nih.gov/32974094/
1,plant,leaf,https://pubmed.ncbi.nlm.nih.gov/?term=leaf+plant+microbiome+metagenomics&filter=simsearch2.ffrft&size=10&page=1,https://pubmed.ncbi.nlm.nih.gov/28799900/,Establishing Causality: Opportunities of Synthetic Communities for Plant Microbiome Research,Plant microbiome research highlights the importance of indigenous microbial communities for host phenotypes such as growth and health. It aims to discover,plant,,
23,plant,flower,https://pubmed.ncbi.nlm.nih.gov/?term=flower+plant+microbiome+metagenomics&filter=simsearch2.ffrft&size=10&page=1,https://pubmed.ncbi.nlm.nih.gov/23443006/,Unexpected diversity during community succession in the apple flower microbiome,"Despite its importance to the host, the flower microbiome is poorly understood. We report a culture-independent, community-level assessment of apple flower microbial",plant,,https://pubmed.ncbi.nlm.nih.gov/23443006/
7,plant,leaf,https://pubmed.ncbi.nlm.nih.gov/?term=leaf+plant+microbiome+metagenomics&filter=simsearch2.ffrft&size=10&page=1,https://pubmed.ncbi.nlm.nih.gov/32085509/,Endophytic Bacterial Microbiome Diversity in Early Developmental Stage Plant Tissues of Wheat Varieties,Endophytic bacteria are an important part of different functions in plants that lead to plants' production characteristics as well as their stress,plant,,
14,plant,leaf,https://pubmed.ncbi.nlm.nih.gov/?term=leaf+plant+microbiome+metagenomics&filter=simsearch2.ffrft&size=10&page=2,https://pubmed.ncbi.nlm.nih.gov/31404250/,Revealing Cues for Fungal Interplay in the Plant-Air Interface in Vineyards,Plant-associated microorganisms play a crucial role in plant health and productivity. Belowground microbial diversity is widely reported as a major factor in,plant,,
2,plant,leaf,https://pubmed.ncbi.nlm.nih.gov/?term=leaf+plant+microbiome+metagenomics&filter=simsearch2.ffrft&size=10&page=1,https://pubmed.ncbi.nlm.nih.gov/34389047/,Plant developmental stage drives the differentiation in ecological role of the maize microbiome,"Background: Plants live with diverse microbial communities which profoundly affect multiple facets of host performance, but if and how host development impacts",plant,,
26,plant,flower,https://pubmed.ncbi.nlm.nih.gov/?term=flower+plant+microbiome+metagenomics&filter=simsearch2.ffrft&size=10&page=1,https://pubmed.ncbi.nlm.nih.gov/30587246/,Rhizosphere microorganisms can influence the timing of plant flowering,"Background: Plant phenology has crucial biological, physical, and chemical effects on the biosphere. Phenological drivers have largely been studied, but the role",plant,,https://pubmed.ncbi.nlm.nih.gov/30587246/
11,plant,stem,https://pubmed.ncbi.nlm.nih.gov/?term=stem+plant+microbiome+metagenomics&filter=simsearch2.ffrft&size=10&page=2,https://pubmed.ncbi.nlm.nih.gov/29050374/,Taxonomic structure and functional association of foxtail millet root microbiome,"The root microbes play pivotal roles in plant productivity, nutrient uptakes, and disease resistance. The root microbial community structure has been extensively",plant,,https://pubmed.ncbi.nlm.nih.gov/29050374/
3,plant,leaf,https://pubmed.ncbi.nlm.nih.gov/?term=leaf+plant+microbiome+metagenomics&filter=simsearch2.ffrft&size=10&page=1,https://pubmed.ncbi.nlm.nih.gov/35215838/,Bacteriophages Roam the Wheat Phyllosphere,"The phyllosphere microbiome plays an important role in plant fitness. Recently, bacteriophages have been shown to play a role in shaping the",plant,,
27,plant,flower,https://pubmed.ncbi.nlm.nih.gov/?term=flower+plant+microbiome+metagenomics&filter=simsearch2.ffrft&size=10&page=1,https://pubmed.ncbi.nlm.nih.gov/25733079/,Microbial communities on flower surfaces act as signatures of pollinator visitation,"Microbes are easily dispersed from one place to another, and immigrant microbes might contain information about the environments from which they came.",plant,,https://pubmed.ncbi.nlm.nih.gov/25733079/
35,plant,flower,https://pubmed.ncbi.nlm.nih.gov/?term=flower+plant+microbiome+metagenomics&filter=simsearch2.ffrft&size=10&page=2,https://pubmed.ncbi.nlm.nih.gov/35834536/,Metagenomic analysis of the dynamical conversion of photosynthetic bacterial communities in different crop fields over different growth periods,"Photosynthetic bacteria are beneficial to plants, but knowledge of photosynthetic bacterial community dynamics in field crops during different growth stages is scarce.",plant,,https://pubmed.ncbi.nlm.nih.gov/35834536/
4,plant,leaf,https://pubmed.ncbi.nlm.nih.gov/?term=leaf+plant+microbiome+metagenomics&filter=simsearch2.ffrft&size=10&page=1,https://pubmed.ncbi.nlm.nih.gov/33486428/,Deciphering core-microbiome of rice leaf endosphere: Revelation by metagenomic and microbiological analysis of aromatic and non-aromatic genotypes grown in three geographical zones,We have deciphered the leaf endophytic-microbiome of aromatic (cv. Pusa Basmati-1) and non-aromatic (cv. BPT-5204) rice-genotypes grown in the mountain and plateau-zones,plant,,
33,plant,flower,https://pubmed.ncbi.nlm.nih.gov/?term=flower+plant+microbiome+metagenomics&filter=simsearch2.ffrft&size=10&page=2,https://pubmed.ncbi.nlm.nih.gov/33776974/,Inorganic Chemical Fertilizer Application to Wheat Reduces the Abundance of Putative Plant Growth-Promoting Rhizobacteria,The profound negative effect of inorganic chemical fertilizer application on rhizobacterial diversity has been well documented using 16S rRNA gene amplicon sequencing,plant,,https://pubmed.ncbi.nlm.nih.gov/33776974/
15,plant,stem,https://pubmed.ncbi.nlm.nih.gov/?term=stem+plant+microbiome+metagenomics&filter=simsearch2.ffrft&size=10&page=2,https://pubmed.ncbi.nlm.nih.gov/29028005/,Microbiome and infectivity studies reveal complex polyspecies tree disease in Acute Oak Decline,Decline-diseases are complex and becoming increasingly problematic to tree health globally. Acute Oak Decline (AOD) is characterized by necrotic stem lesions and,plant,,https://pubmed.ncbi.nlm.nih.gov/29028005/
29,plant,flower,https://pubmed.ncbi.nlm.nih.gov/?term=flower+plant+microbiome+metagenomics&filter=simsearch2.ffrft&size=10&page=1,https://pubmed.ncbi.nlm.nih.gov/36910183/,"Microbiome diversity, composition and assembly in a California citrus orchard","The citrus root and rhizosphere microbiomes have been relatively well described in the literature, especially in the context of Huanglonbing disease. Yet",plant,,https://pubmed.ncbi.nlm.nih.gov/36910183/
13,plant,leaf,https://pubmed.ncbi.nlm.nih.gov/?term=leaf+plant+microbiome+metagenomics&filter=simsearch2.ffrft&size=10&page=2,https://pubmed.ncbi.nlm.nih.gov/34961255/,Two Decades of Desiccation Biology: A Systematic Review of the Best Studied Angiosperm Resurrection Plants,Resurrection plants have an extraordinary ability to survive extreme water loss but still revive full metabolic activity when rehydrated. These plants are,plant,,
12,plant,stem,https://pubmed.ncbi.nlm.nih.gov/?term=stem+plant+microbiome+metagenomics&filter=simsearch2.ffrft&size=10&page=2,https://pubmed.ncbi.nlm.nih.gov/36910183/,"Microbiome diversity, composition and assembly in a California citrus orchard","The citrus root and rhizosphere microbiomes have been relatively well described in the literature, especially in the context of Huanglonbing disease. Yet",plant,,https://pubmed.ncbi.nlm.nih.gov/36910183/
6,plant,stem,https://pubmed.ncbi.nlm.nih.gov/?term=stem+plant+microbiome+metagenomics&filter=simsearch2.ffrft&size=10&page=1,https://pubmed.ncbi.nlm.nih.gov/26697361/,Metagenomics study of endophytic bacteria in Aloe vera using next-generation technology,Next generation sequencing (NGS) enables rapid analysis of the composition and diversity of microbial communities in several habitats. We applied the high,plant,,https://pubmed.ncbi.nlm.nih.gov/26697361/
9,plant,stem,https://pubmed.ncbi.nlm.nih.gov/?term=stem+plant+microbiome+metagenomics&filter=simsearch2.ffrft&size=10&page=1,https://pubmed.ncbi.nlm.nih.gov/36439809/,"Decrypting phytomicrobiome of the neurotoxic actinorhizal species, Coriaria myrtifolia, and dispersal boundary of Frankia cluster 2 in soil outward compatible host rhizosphere","The actinorhizal plant, Coriaria myrtifolia, is a neurotoxic plant species endemic to the western Mediterranean area, which forms a nitrogen-fixing symbiosis with",plant,,https://pubmed.ncbi.nlm.nih.gov/36439809/
9,plant,leaf,https://pubmed.ncbi.nlm.nih.gov/?term=leaf+plant+microbiome+metagenomics&filter=simsearch2.ffrft&size=10&page=1,https://pubmed.ncbi.nlm.nih.gov/35366955/,The phyllosphere microbiome shifts toward combating melanose pathogen,"Background: Plants can recruit beneficial microbes to enhance their ability to defend against pathogens. However, in contrast to the intensively studied roles",plant,,
17,plant,leaf,https://pubmed.ncbi.nlm.nih.gov/?term=leaf+plant+microbiome+metagenomics&filter=simsearch2.ffrft&size=10&page=2,https://pubmed.ncbi.nlm.nih.gov/36823152/,Seasonal activities of the phyllosphere microbiome of perennial crops,"Understanding the interactions between plants and microorganisms can inform microbiome management to enhance crop productivity and resilience to stress. Here, we apply",plant,,
24,plant,flower,https://pubmed.ncbi.nlm.nih.gov/?term=flower+plant+microbiome+metagenomics&filter=simsearch2.ffrft&size=10&page=1,https://pubmed.ncbi.nlm.nih.gov/34202675/,Using RNA-Sequencing Data to Examine Tissue-Specific Garlic Microbiomes,"Garlic (Allium sativum) is a perennial bulbous plant. Due to its clonal propagation, various diseases threaten the yield and quality of garlic.",plant,,https://pubmed.ncbi.nlm.nih.gov/34202675/
39,plant,flower,https://pubmed.ncbi.nlm.nih.gov/?term=flower+plant+microbiome+metagenomics&filter=simsearch2.ffrft&size=10&page=2,https://pubmed.ncbi.nlm.nih.gov/23705801/,Baseline survey of the anatomical microbial ecology of an important food plant: Solanum lycopersicum (tomato),Background: Research to understand and control microbiological risks associated with the consumption of fresh fruits and vegetables has examined many environments in,plant,,https://pubmed.ncbi.nlm.nih.gov/23705801/
